item,n,mean_1_to_5,rating_1,rating_2,rating_3,rating_4,rating_5
Purpose clear,6,4.8333,0,0,0,1,5
Post-training useful,6,4.1667,0,0,0,5,1
Pressing example,6,5.0,0,0,0,0,6
Marking example,6,5.0,0,0,0,0,6
Hold-position example,6,4.8333,0,0,0,1,5
Audio + movement,6,4.8333,0,0,0,1,5
Numeric evidence clear,6,4.0,0,0,0,6,0
Report useful,6,4.3333,0,0,1,2,3
Limitations clear,6,4.8333,0,0,0,1,5
Trust via uncertainty,6,4.8333,0,0,0,1,5
Review with players,6,5.0,0,0,0,0,6
Real-training potential,6,5.0,0,0,0,0,6
Overall usefulness,6,4.8333,0,0,0,1,5
Ease of understanding,6,4.6667,0,0,0,2,4
Spoken-to-visual link,6,4.3333,0,0,0,4,2
Withholding explanation,6,3.8333,0,0,2,3,1
